{
  "solver_type": "taichi_xpbd",
  "requested_device": "cpu",
  "device": "cpu",
  "active_arch": "cpu",
  "gpu_device_name": "unavailable",
  "benchmark_scenario": "free_fall_cloud",
  "frame_count": 12,
  "wall_time_ms": 18.672400037758052,
  "particles_per_second": 658083.5872813375,
  "particle_count": 1024,
  "constraint_count": 0,
  "sample_count": 5,
  "warmup_frames": 4,
  "benchmark_dt": 0.016666666666666666,
  "sample_statistic": "median",
  "explicit_sync_used": true,
  "samples_ms": [
    15.742400020826608,
    18.514900002628565,
    20.040900039020926,
    21.780200011562556,
    18.672400037758052
  ],
  "cpu_reference_solver": "numpy_free_fall_cloud",
  "cpu_reference_wall_time_ms": 0.11490000179037452,
  "cpu_reference_particles_per_second": 106945168.0463716,
  "cpu_reference_samples_ms": [
    0.12410001363605261,
    0.11590000940486789,
    0.11490000179037452,
    0.11419999646022916,
    0.11449999874457717
  ],
  "speedup_ratio": 0.006153467232815899,
  "cpu_gpu_max_drift": 1.0525703429964395e-06,
  "cpu_gpu_rmse": 3.9749314000294085e-07,
  "parity_abs_tolerance": 5e-05,
  "parity_rmse_tolerance": 5e-05,
  "parity_passed": true,
  "taichi_available": true,
  "taichi_initialized": true,
  "degraded": false
}
