{
  "solver_type": "taichi_xpbd",
  "requested_device": "gpu",
  "device": "gpu",
  "active_arch": "gpu",
  "gpu_device_name": "NVIDIA GeForce RTX 4070",
  "benchmark_scenario": "free_fall_cloud",
  "frame_count": 12,
  "wall_time_ms": 21.497699955943972,
  "particles_per_second": 571596.0323747308,
  "particle_count": 1024,
  "constraint_count": 0,
  "sample_count": 5,
  "warmup_frames": 4,
  "benchmark_dt": 0.016666666666666666,
  "sample_statistic": "median",
  "explicit_sync_used": true,
  "samples_ms": [
    23.528199992142618,
    20.251700014341623,
    21.497699955943972,
    20.418600004632026,
    21.639999991748482
  ],
  "cpu_reference_solver": "numpy_free_fall_cloud",
  "cpu_reference_wall_time_ms": 0.11690001701936126,
  "cpu_reference_particles_per_second": 105115468.01541382,
  "cpu_reference_samples_ms": [
    0.11690001701936126,
    0.11530000483617187,
    0.11689995881170034,
    0.12260000221431255,
    0.11709996033459902
  ],
  "speedup_ratio": 0.005437791822331168,
  "cpu_gpu_max_drift": 1.0525703429964395e-06,
  "cpu_gpu_rmse": 3.8764570603305344e-07,
  "parity_abs_tolerance": 5e-05,
  "parity_rmse_tolerance": 5e-05,
  "parity_passed": true,
  "taichi_available": true,
  "taichi_initialized": true,
  "degraded": false
}
