{
  "name": "mario",
  "count": 6,
  "colors_hex": [
    "#f0c39b",
    "#d22d23",
    "#d22d23",
    "#414bc3",
    "#6e411e",
    "#1c120c"
  ],
  "colors_oklab": [
    [
      0.847070004073754,
      0.0332897342823403,
      0.06591651480801776
    ],
    [
      0.5635006798556385,
      0.17687837940916268,
      0.0976880379179418
    ],
    [
      0.5635006798556385,
      0.17687837940916268,
      0.0976880379179418
    ],
    [
      0.4794830240112511,
      0.011262925320378116,
      -0.1845307964711567
    ],
    [
      0.42181749985777556,
      0.04415999419882394,
      0.06591327564262822
    ],
    [
      0.19339291187675517,
      0.012505505350417582,
      0.016073144609744225
    ]
  ],
  "roles": [
    "skin",
    "hair_hat",
    "shirt",
    "pants",
    "shoes",
    "outline"
  ],
  "metadata": {}
}